<?xml version="1.0" encoding="UTF-8"?>
<project-private xmlns="http://www.netbeans.org/ns/project-private/1">
    <editor-bookmarks xmlns="http://www.netbeans.org/ns/editor-bookmarks/2" lastBookmarkId="0"/>
    <open-files xmlns="http://www.netbeans.org/ns/projectui-open-files/2">
        <group>
            <file>file:/home/dries/Documents/Kuleuven/Distributed_systems/JEE23/CarRental-ejb/src/java/session/CarRentalSession.java</file>
            <file>file:/home/dries/Documents/Kuleuven/Distributed_systems/JEE23/CarRental-ejb/src/java/session/ManagerSession.java</file>
            <file>file:/home/dries/Documents/Kuleuven/Distributed_systems/JEE23/CarRental-ejb/src/java/rental/CarRentalCompany.java</file>
            <file>file:/home/dries/Documents/Kuleuven/Distributed_systems/JEE23/CarRental-ejb/src/java/rental/Car.java</file>
        </group>
    </open-files>
</project-private>
